{"cameraMode":{"drawMode":0,"name":"Shaded","section":"Shading Mode"},"sceneLighting":true,"audioPlay":false,"sceneViewState":{"m_AlwaysRefresh":false,"showFog":true,"showSkybox":true,"showFlares":true,"showImageEffects":true,"showParticleSystems":true,"showVisualEffectGraphs":true,"m_FxEnabled":true},"in2DMode":false,"pivot":{"x":337.64251708984377,"y":22.265213012695314,"z":-279.24774169921877},"rotation":{"x":-0.059773173183202746,"y":-0.921159565448761,"z":0.15679767727851869,"w":-0.35115471482276919},"size":378.6977233886719,"orthographic":false}