{"cameraMode":{"drawMode":0,"name":"Shaded","section":"Shading Mode"},"sceneLighting":true,"audioPlay":false,"sceneViewState":{"m_AlwaysRefresh":false,"showFog":true,"showSkybox":true,"showFlares":true,"showImageEffects":true,"showParticleSystems":true,"showVisualEffectGraphs":true,"m_FxEnabled":true},"in2DMode":false,"pivot":{"x":1018.1695556640625,"y":136.56100463867188,"z":-1429.034912109375},"rotation":{"x":0.018748104572296144,"y":0.9481543898582459,"z":-0.056957945227622989,"w":0.31211400032043459},"size":1025.04345703125,"orthographic":false}